<?xml version="1.0" encoding="UTF-8"?>
<!DOCTYPE editor-preferences PUBLIC "-//NetBeans//DTD Editor Preferences 1.0//EN" "http://www.netbeans.org/dtds/EditorPreferences-1_0.dtd">
<editor-preferences>
    <entry javaType="java.lang.String" name="classDeclBracePlacement" xml:space="preserve">
        <value><![CDATA[NEW_LINE]]></value>
    </entry>
    <entry javaType="java.lang.String" name="methodDeclBracePlacement" xml:space="preserve">
        <value><![CDATA[NEW_LINE]]></value>
    </entry>
    <entry javaType="java.lang.Boolean" name="spaceBeforeClassDeclLeftBrace" xml:space="preserve">
        <value><![CDATA[false]]></value>
    </entry>
    <entry javaType="java.lang.Boolean" name="spaceBeforeMethodDeclLeftBrace" xml:space="preserve">
        <value><![CDATA[false]]></value>
    </entry>
    <entry javaType="java.lang.Boolean" name="spaceWithinArrayBrackets" xml:space="preserve">
        <value><![CDATA[true]]></value>
    </entry>
    <entry javaType="java.lang.Boolean" name="spaceWithinCatchParens" xml:space="preserve">
        <value><![CDATA[true]]></value>
    </entry>
    <entry javaType="java.lang.Boolean" name="spaceWithinForParens" xml:space="preserve">
        <value><![CDATA[true]]></value>
    </entry>
    <entry javaType="java.lang.Boolean" name="spaceWithinIfParens" xml:space="preserve">
        <value><![CDATA[true]]></value>
    </entry>
    <entry javaType="java.lang.Boolean" name="spaceWithinSwitchParens" xml:space="preserve">
        <value><![CDATA[true]]></value>
    </entry>
    <entry javaType="java.lang.Boolean" name="spaceWithinWhileParens" xml:space="preserve">
        <value><![CDATA[true]]></value>
    </entry>
    <entry javaType="java.lang.Boolean" name="wrapAfterBinOps" xml:space="preserve">
        <value><![CDATA[true]]></value>
    </entry>
    <entry javaType="java.lang.String" name="wrapBinaryOps" xml:space="preserve">
        <value><![CDATA[WRAP_IF_LONG]]></value>
    </entry>
    <entry javaType="java.lang.String" name="wrapExtendsImplementsKeyword" xml:space="preserve">
        <value><![CDATA[WRAP_ALWAYS]]></value>
    </entry>
</editor-preferences>
